,TEST_IID,TEST_OOD_PARTICIPANT,TEST_OOD_SITE,TEST_OOD_TASK,TRAIN,VAL
TEST_IID,1.0,0.08108108108108109,0.19444444444444445,0.0,0.8292682926829268,0.7631578947368421
TEST_OOD_PARTICIPANT,0.08108108108108109,1.0,0.375,0.0,0.075,0.09375
TEST_OOD_SITE,0.19444444444444445,0.375,1.0,0.0,0.1794871794871795,0.22580645161290322
TEST_OOD_TASK,0.0,0.0,0.0,1.0,0.0,0.0
TRAIN,0.8292682926829268,0.075,0.1794871794871795,0.0,1.0,0.7948717948717948
VAL,0.7631578947368421,0.09375,0.22580645161290322,0.0,0.7948717948717948,1.0
