,TEST_IID,TEST_OOD_PARTICIPANT,TEST_OOD_SITE,TEST_OOD_TASK,TRAIN,VAL
TEST_IID,1.0,0.09090909090909091,0.0,0.4166666666666667,1.0,1.0
TEST_OOD_PARTICIPANT,0.09090909090909091,1.0,0.0,0.16666666666666666,0.09090909090909091,0.09090909090909091
TEST_OOD_SITE,0.0,0.0,1.0,0.16666666666666666,0.0,0.0
TEST_OOD_TASK,0.4166666666666667,0.16666666666666666,0.16666666666666666,1.0,0.4166666666666667,0.4166666666666667
TRAIN,1.0,0.09090909090909091,0.0,0.4166666666666667,1.0,1.0
VAL,1.0,0.09090909090909091,0.0,0.4166666666666667,1.0,1.0
