,TEST_IID,TEST_OOD_PARTICIPANT,TEST_OOD_SITE,TEST_OOD_TASK,TRAIN,VAL
TEST_IID,0.9999999999999999,0.07656118308446005,0.0,0.6297607900187595,0.9901682016770569,0.9867923643806955
TEST_OOD_PARTICIPANT,0.07656118308446005,1.0,0.0,0.07410831320884924,0.08524237869089588,0.04681161425518851
TEST_OOD_SITE,0.0,0.0,1.0,0.6200781519271682,0.0,0.0
TEST_OOD_TASK,0.6297607900187595,0.07410831320884924,0.6200781519271682,1.0,0.6627593558193604,0.6260201315537183
TRAIN,0.9901682016770569,0.08524237869089588,0.0,0.6627593558193604,0.9999999999999998,0.9830107906744725
VAL,0.9867923643806955,0.04681161425518851,0.0,0.6260201315537183,0.9830107906744725,0.9999999999999999
