,TEST_IID,TEST_OOD_PARTICIPANT,TEST_OOD_SITE,TEST_OOD_TASK,TRAIN,VAL
TEST_IID,0.0,0.627975074918659,0.6931471804131524,0.27874756545472,0.004118671289071119,0.005743961640734752
TEST_OOD_PARTICIPANT,0.627975074918659,0.0,0.6931471805330067,0.6115374672775882,0.6225059143249088,0.6488757081554958
TEST_OOD_SITE,0.6931471804131524,0.6931471805330067,0.0,0.3286219957258097,0.6931471804129972,0.6931471804131809
TEST_OOD_TASK,0.27874756545472,0.6115374672775882,0.3286219957258097,0.0,0.2621262609872421,0.2785786080997198
TRAIN,0.004118671289071119,0.6225059143249088,0.6931471804129972,0.2621262609872421,0.0,0.005716884971403582
VAL,0.005743961640734752,0.6488757081554958,0.6931471804131809,0.2785786080997198,0.005716884971403582,0.0
