,TEST_IID,TEST_OOD_PARTICIPANT,TEST_OOD_SITE,TEST_OOD_TASK,TRAIN,VAL
TEST_IID,0.9999999999999999,0.11193224214710683,0.6748715211032457,0.0,0.9597307562787911,0.8311911085597886
TEST_OOD_PARTICIPANT,0.11193224214710683,1.0,0.31014234111887934,0.0,0.13496826202703757,0.16439406164086418
TEST_OOD_SITE,0.6748715211032457,0.31014234111887934,1.0,0.0,0.720484580345701,0.5313916931738589
TEST_OOD_TASK,0.0,0.0,0.0,1.0,0.0,0.0
TRAIN,0.9597307562787911,0.13496826202703757,0.720484580345701,0.0,1.0000000000000002,0.8480544024759906
VAL,0.8311911085597886,0.16439406164086418,0.5313916931738589,0.0,0.8480544024759906,1.0000000000000002
