,TEST_IID,TEST_OOD_PARTICIPANT,TEST_OOD_SITE,TEST_OOD_TASK,TRAIN,VAL
TEST_IID,0.0,0.6013941689646114,0.30806480918895884,0.6931471801362631,0.035674759059625125,0.0992282475780939
TEST_OOD_PARTICIPANT,0.6013941689646114,0.0,0.44208987950099915,0.6931471804966818,0.5987926295265378,0.5771490224197434
TEST_OOD_SITE,0.30806480918895884,0.44208987950099915,0.0,0.6931471804603051,0.3073205811289995,0.349690905330114
TEST_OOD_TASK,0.6931471801362631,0.6931471804966818,0.6931471804603051,0.0,0.6931471801041535,0.6931471801902463
TRAIN,0.035674759059625125,0.5987926295265378,0.3073205811289995,0.6931471801041535,0.0,0.06315964804092455
VAL,0.0992282475780939,0.5771490224197434,0.349690905330114,0.6931471801902463,0.06315964804092455,0.0
