split,takes,take_size_mean,take_size_median,take_size_min,take_size_max
TEST_IID,264,25.507575757575758,17.0,1,135
TEST_OOD_PARTICIPANT,29,22.620689655172413,24.0,2,44
TEST_OOD_SITE,201,33.50248756218905,21.0,1,252
TEST_OOD_TASK,63,106.73015873015873,108.0,33,203
TRAIN,931,25.31793770139635,16.0,1,177
VAL,136,24.75735294117647,15.0,1,128
